{
  "staff": [
    {
      "id": "s_afif",
      "name": "Afif Derbas",
      "initials": "AD",
      "personnummer": "",
      "telefon": "",
      "epost": "afif.derbas@example.com",
      "adress": "",
      "anställningsdatum": "",
      "roll": "sjuksköterska",
      "avdelning": "demo",
      "createdAt": "2025-08-20T12:11:38.505Z",
      "updatedAt": "2025-08-20T12:11:38.506Z"
    },
    {
      "id": "s_ahmed_alrakabi",
      "name": "Ahmed Alrakabi",
      "initials": "AA",
      "personnummer": "",
      "telefon": "",
      "epost": "ahmed.alrakabi@example.com",
      "adress": "",
      "anställningsdatum": "",
      "roll": "sjuksköterska",
      "avdelning": "demo",
      "createdAt": "2025-08-20T12:11:38.506Z",
      "updatedAt": "2025-08-20T12:11:38.506Z"
    },
    {
      "id": "s_ahmed_ramadan",
      "name": "Ahmed Ramadan",
      "initials": "AR",
      "personnummer": "",
      "telefon": "",
      "epost": "ahmed.ramadan@example.com",
      "adress": "",
      "anställningsdatum": "",
      "roll": "sjuksköterska",
      "avdelning": "demo",
      "createdAt": "2025-08-20T12:11:38.506Z",
      "updatedAt": "2025-08-20T12:11:38.506Z"
    },
    {
      "id": "s_ajmen_rafiq",
      "name": "Ajmen Rafiq",
      "initials": "AR",
      "personnummer": "",
      "telefon": "",
      "epost": "ajmen.rafiq@example.com",
      "adress": "",
      "anställningsdatum": "",
      "roll": "sjuksköterska",
      "avdelning": "demo",
      "createdAt": "2025-08-20T12:11:38.506Z",
      "updatedAt": "2025-08-20T12:11:38.506Z"
    },
    {
      "id": "s_alana_salah",
      "name": "Alana Salah",
      "initials": "AS",
      "personnummer": "",
      "telefon": "",
      "epost": "alana.salah@example.com",
      "adress": "",
      "anställningsdatum": "",
      "roll": "sjuksköterska",
      "avdelning": "demo",
      "createdAt": "2025-08-20T12:11:38.506Z",
      "updatedAt": "2025-08-20T12:11:38.506Z"
    },
    {
      "id": "s_alharis_albayati",
      "name": "Alharis Albayati",
      "initials": "AA",
      "personnummer": "",
      "telefon": "",
      "epost": "alharis.albayati@example.com",
      "adress": "",
      "anställningsdatum": "",
      "roll": "sjuksköterska",
      "avdelning": "demo",
      "createdAt": "2025-08-20T12:11:38.506Z",
      "updatedAt": "2025-08-20T12:11:38.506Z"
    },
    {
      "id": "s_amir_al_istarabadi",
      "name": "Amir Al-Istarabadi",
      "initials": "AA",
      "personnummer": "",
      "telefon": "",
      "epost": "amir.alistarabadi@example.com",
      "adress": "",
      "anställningsdatum": "",
      "roll": "sjuksköterska",
      "avdelning": "demo",
      "createdAt": "2025-08-20T12:11:38.506Z",
      "updatedAt": "2025-08-20T12:11:38.506Z"
    },
    {
      "id": "s_anjelika_baath",
      "name": "Anjelika Bååth",
      "initials": "AB",
      "personnummer": "",
      "telefon": "",
      "epost": "anjelika.baath@example.com",
      "adress": "",
      "anställningsdatum": "",
      "roll": "sjuksköterska",
      "avdelning": "demo",
      "createdAt": "2025-08-20T12:11:38.506Z",
      "updatedAt": "2025-08-20T12:11:38.506Z"
    },
    {
      "id": "s_bashdar_reza",
      "name": "Bashdar Reza",
      "initials": "BR",
      "personnummer": "",
      "telefon": "",
      "epost": "bashdar.reza@example.com",
      "adress": "",
      "anställningsdatum": "",
      "roll": "sjuksköterska",
      "avdelning": "demo",
      "createdAt": "2025-08-20T12:11:38.506Z",
      "updatedAt": "2025-08-20T12:11:38.506Z"
    },
    {
      "id": "s_constanza_soto",
      "name": "Constanza Soto",
      "initials": "CS",
      "personnummer": "",
      "telefon": "",
      "epost": "constanza.soto@example.com",
      "adress": "",
      "anställningsdatum": "",
      "roll": "sjuksköterska",
      "avdelning": "demo",
      "createdAt": "2025-08-20T12:11:38.506Z",
      "updatedAt": "2025-08-20T12:11:38.506Z"
    },
    {
      "id": "s_deni_dulji",
      "name": "Deni Dulji",
      "initials": "DD",
      "personnummer": "",
      "telefon": "",
      "epost": "deni.dulji@example.com",
      "adress": "",
      "anställningsdatum": "",
      "roll": "sjuksköterska",
      "avdelning": "demo",
      "createdAt": "2025-08-20T12:11:38.506Z",
      "updatedAt": "2025-08-20T12:11:38.506Z"
    },
    {
      "id": "s_diana_gharib",
      "name": "Diana Gharib",
      "initials": "DG",
      "personnummer": "",
      "telefon": "",
      "epost": "diana.gharib@example.com",
      "adress": "",
      "anställningsdatum": "",
      "roll": "sjuksköterska",
      "avdelning": "demo",
      "createdAt": "2025-08-20T12:11:38.506Z",
      "updatedAt": "2025-08-20T12:11:38.506Z"
    },
    {
      "id": "s_drilon_muqkurtaj",
      "name": "Drilon Muqkurtaj",
      "initials": "DM",
      "personnummer": "",
      "telefon": "",
      "epost": "drilon.muqkurtaj@example.com",
      "adress": "",
      "anställningsdatum": "",
      "roll": "sjuksköterska",
      "avdelning": "demo",
      "createdAt": "2025-08-20T12:11:38.506Z",
      "updatedAt": "2025-08-20T12:11:38.506Z"
    },
    {
      "id": "s_heidar_farhan",
      "name": "Heidar Farhan",
      "initials": "HF",
      "personnummer": "",
      "telefon": "",
      "epost": "heidar.farhan@example.com",
      "adress": "",
      "anställningsdatum": "",
      "roll": "sjuksköterska",
      "avdelning": "demo",
      "createdAt": "2025-08-20T12:11:38.506Z",
      "updatedAt": "2025-08-20T12:11:38.506Z"
    },
    {
      "id": "s_hussein_ahmed",
      "name": "Hussein Ahmed",
      "initials": "HA",
      "personnummer": "",
      "telefon": "",
      "epost": "hussein.ahmed@example.com",
      "adress": "",
      "anställningsdatum": "",
      "roll": "sjuksköterska",
      "avdelning": "demo",
      "createdAt": "2025-08-20T12:11:38.506Z",
      "updatedAt": "2025-08-20T12:11:38.506Z"
    },
    {
      "id": "s_ida_bjorkbacka",
      "name": "Ida Björkbacka",
      "initials": "IB",
      "personnummer": "",
      "telefon": "",
      "epost": "ida.bjorkbacka@example.com",
      "adress": "",
      "anställningsdatum": "",
      "roll": "sjuksköterska",
      "avdelning": "demo",
      "createdAt": "2025-08-20T12:11:38.506Z",
      "updatedAt": "2025-08-20T12:11:38.506Z"
    },
    {
      "id": "s_ikhlas_almaliki",
      "name": "Ikhlas Almaliki",
      "initials": "IA",
      "personnummer": "",
      "telefon": "",
      "epost": "ikhlas.almaliki@example.com",
      "adress": "",
      "anställningsdatum": "",
      "roll": "sjuksköterska",
      "avdelning": "demo",
      "createdAt": "2025-08-20T12:11:38.506Z",
      "updatedAt": "2025-08-20T12:11:38.506Z"
    },
    {
      "id": "s_intisar_almansour",
      "name": "Intisar Almansour",
      "initials": "IA",
      "personnummer": "",
      "telefon": "",
      "epost": "intisar.almansour@example.com",
      "adress": "",
      "anställningsdatum": "",
      "roll": "sjuksköterska",
      "avdelning": "demo",
      "createdAt": "2025-08-20T12:11:38.506Z",
      "updatedAt": "2025-08-20T12:11:38.506Z"
    },
    {
      "id": "s_israa_touman",
      "name": "Israa Touman",
      "initials": "IT",
      "personnummer": "",
      "telefon": "",
      "epost": "israa.touman@example.com",
      "adress": "",
      "anställningsdatum": "",
      "roll": "sjuksköterska",
      "avdelning": "demo",
      "createdAt": "2025-08-20T12:11:38.506Z",
      "updatedAt": "2025-08-20T12:11:38.506Z"
    },
    {
      "id": "s_johan_wessberg",
      "name": "Johan Wessberg",
      "initials": "JW",
      "personnummer": "",
      "telefon": "",
      "epost": "johan.wessberg@example.com",
      "adress": "",
      "anställningsdatum": "",
      "roll": "sjuksköterska",
      "avdelning": "demo",
      "createdAt": "2025-08-20T12:11:38.506Z",
      "updatedAt": "2025-08-20T12:11:38.506Z"
    },
    {
      "id": "s_kim_torneus",
      "name": "Kim Torneus",
      "initials": "KT",
      "personnummer": "",
      "telefon": "",
      "epost": "kim.torneus@example.com",
      "adress": "",
      "anställningsdatum": "",
      "roll": "sjuksköterska",
      "avdelning": "demo",
      "createdAt": "2025-08-20T12:11:38.506Z",
      "updatedAt": "2025-08-20T12:11:38.506Z"
    },
    {
      "id": "s_lejla_kocacik",
      "name": "Lejla Kocacik",
      "initials": "LK",
      "personnummer": "",
      "telefon": "",
      "epost": "lejla.kocacik@example.com",
      "adress": "",
      "anställningsdatum": "",
      "roll": "sjuksköterska",
      "avdelning": "demo",
      "createdAt": "2025-08-20T12:11:38.506Z",
      "updatedAt": "2025-08-20T12:11:38.506Z"
    },
    {
      "id": "s_mirza_celik",
      "name": "Mirza Celik",
      "initials": "MC",
      "personnummer": "",
      "telefon": "",
      "epost": "mirza.celik@example.com",
      "adress": "",
      "anställningsdatum": "",
      "roll": "sjuksköterska",
      "avdelning": "demo",
      "createdAt": "2025-08-20T12:11:38.506Z",
      "updatedAt": "2025-08-20T12:11:38.506Z"
    },
    {
      "id": "s_mirza_hodzic",
      "name": "Mirza Hodzic",
      "initials": "MH",
      "personnummer": "",
      "telefon": "",
      "epost": "mirza.hodzic@example.com",
      "adress": "",
      "anställningsdatum": "",
      "roll": "sjuksköterska",
      "avdelning": "demo",
      "createdAt": "2025-08-20T12:11:38.506Z",
      "updatedAt": "2025-08-20T12:11:38.506Z"
    },
    {
      "id": "s_nasima_kuraishe",
      "name": "Nasima Kuraishe",
      "initials": "NK",
      "personnummer": "",
      "telefon": "",
      "epost": "nasima.kuraishe@example.com",
      "adress": "",
      "anställningsdatum": "",
      "roll": "sjuksköterska",
      "avdelning": "demo",
      "createdAt": "2025-08-20T12:11:38.506Z",
      "updatedAt": "2025-08-20T12:11:38.506Z"
    },
    {
      "id": "s_nicolas_lazcano",
      "name": "Nicolas Lazcano",
      "initials": "NL",
      "personnummer": "",
      "telefon": "",
      "epost": "nicolas.lazcano@example.com",
      "adress": "",
      "anställningsdatum": "",
      "roll": "sjuksköterska",
      "avdelning": "demo",
      "createdAt": "2025-08-20T12:11:38.506Z",
      "updatedAt": "2025-08-20T12:11:38.506Z"
    },
    {
      "id": "s_omar_mezza",
      "name": "Omar Mezza",
      "initials": "OM",
      "personnummer": "",
      "telefon": "",
      "epost": "omar.mezza@example.com",
      "adress": "",
      "anställningsdatum": "",
      "roll": "sjuksköterska",
      "avdelning": "demo",
      "createdAt": "2025-08-20T12:11:38.506Z",
      "updatedAt": "2025-08-20T12:11:38.506Z"
    },
    {
      "id": "s_qasin_abdullahi",
      "name": "Qasin Abdullahi",
      "initials": "QA",
      "personnummer": "",
      "telefon": "",
      "epost": "qasin.abdullahi@example.com",
      "adress": "",
      "anställningsdatum": "",
      "roll": "sjuksköterska",
      "avdelning": "demo",
      "createdAt": "2025-08-20T12:11:38.506Z",
      "updatedAt": "2025-08-20T12:11:38.506Z"
    }
  ],
  "clients": [
    {
      "initials": "TEST",
      "staffId": "s_afif",
      "status": "active",
      "id": "c_cebc7b4f-62fe-48bc-ad2e-a4a8405e9026",
      "createdAt": "2025-08-20T12:11:46.768Z",
      "updatedAt": "2025-08-20T12:11:46.768Z"
    },
    {
      "id": "c_cf520f50-c471-4546-aad1-d82426149612",
      "initials": "TEST2",
      "staffId": "s_afif",
      "status": "active",
      "createdAt": "2025-08-20T12:17:10.945Z",
      "updatedAt": "2025-08-20T12:17:10.945Z"
    },
    {
      "id": "c_e63c8394-5549-476f-8ee5-7d794bb6e440",
      "initials": "TEST",
      "staffId": "s_demo",
      "status": "active",
      "createdAt": "2025-08-21T08:03:38.383Z",
      "updatedAt": "2025-08-21T08:03:38.383Z"
    },
    {
      "id": "c_f16af4b6-ddd5-4776-a4e3-99ca0bf0e8b4",
      "initials": "UI_TEST",
      "staffId": "s_demo",
      "status": "active",
      "createdAt": "2025-08-21T08:06:21.022Z",
      "updatedAt": "2025-08-21T08:06:21.023Z"
    },
    {
      "id": "c_5e269f87-d757-474c-a7a7-fe4bfe334fc5",
      "initials": "TEST_NEW",
      "staffId": "s_demo",
      "status": "active",
      "createdAt": "2025-08-21T08:17:29.777Z",
      "updatedAt": "2025-08-21T08:17:29.777Z"
    },
    {
      "id": "c_db2aa9c3-5639-4345-91eb-fb6fcc2473b7",
      "initials": "TEST_UI",
      "staffId": "s_demo",
      "status": "active",
      "createdAt": "2025-08-21T09:10:13.836Z",
      "updatedAt": "2025-08-21T09:10:13.836Z"
    },
    {
      "id": "c_27d85423-d11f-4311-b56a-c6e476b7f16c",
      "initials": "ZZ",
      "staffId": "s_demo",
      "status": "active",
      "createdAt": "2025-08-21T09:19:04.683Z",
      "updatedAt": "2025-08-21T09:19:04.683Z"
    },
    {
      "id": "c_b630c581-f8ec-478b-a737-4b726e05e5c2",
      "initials": "AB",
      "staffId": "s_afif",
      "status": "active",
      "createdAt": "2025-08-21T09:52:14.822Z",
      "updatedAt": "2025-08-21T09:52:14.822Z"
    },
    {
      "id": "c_498e835e-302c-457b-b941-163e25e9c7d0",
      "initials": "TEST",
      "staffId": "s_demo",
      "status": "active",
      "createdAt": "2025-08-21T12:38:33.751Z",
      "updatedAt": "2025-08-21T12:38:33.751Z"
    },
    {
      "id": "c_59f06e2f-e864-4145-8b2a-7f3b1da6e708",
      "initials": "TEST",
      "staffId": "s_demo",
      "status": "active",
      "createdAt": "2025-08-21T12:40:05.140Z",
      "updatedAt": "2025-08-21T12:40:05.140Z"
    },
    {
      "id": "c_84086fd2-8d2b-4130-ad1a-659d302e5cd0",
      "initials": "TEST",
      "staffId": "s_demo",
      "status": "active",
      "createdAt": "2025-08-21T12:40:23.829Z",
      "updatedAt": "2025-08-21T12:40:23.830Z"
    },
    {
      "id": "c_acb4cf47-63c4-4095-93fb-737baee7718d",
      "initials": "TEST",
      "staffId": "s_demo",
      "status": "active",
      "createdAt": "2025-08-21T12:41:13.794Z",
      "updatedAt": "2025-08-21T12:41:13.794Z"
    }
  ],
  "carePlans": [
    {
      "id": "cp_0b696ea1-b239-416f-8393-5db919a9f3f5",
      "clientId": "c_cf520f50-c471-4546-aad1-d82426149612",
      "staffId": "s_demo",
      "planContent": "Test vårdplan",
      "goals": "Test mål",
      "interventions": "Test interventioner",
      "status": "received",
      "isActive": true,
      "comment": "",
      "createdAt": "2025-08-20T12:17:21.193Z",
      "updatedAt": "2025-08-20T12:17:21.193Z"
    },
    {
      "id": "cp_48c8d45b-2d42-4bfa-a404-958bc64735ee",
      "clientId": "c_e63c8394-5549-476f-8ee5-7d794bb6e440",
      "staffId": "s_demo",
      "planContent": "Test vårdplan",
      "goals": "Test mål",
      "interventions": "Test interventioner",
      "status": "received",
      "isActive": true,
      "comment": "",
      "createdAt": "2025-08-21T08:03:44.108Z",
      "updatedAt": "2025-08-21T08:03:44.108Z"
    },
    {
      "id": "cp_7460ab48-e579-45d8-b64f-12ac48d77271",
      "clientId": "c_f16af4b6-ddd5-4776-a4e3-99ca0bf0e8b4",
      "staffId": "s_demo",
      "planContent": "Test vårdplan för UI",
      "goals": "Test mål",
      "interventions": "Test interventioner",
      "status": "received",
      "isActive": true,
      "comment": "",
      "createdAt": "2025-08-21T08:06:26.799Z",
      "updatedAt": "2025-08-21T08:06:26.799Z"
    },
    {
      "id": "cp_a9dbb813-97c7-4ab5-bc9f-b23e53579454",
      "clientId": "c_5e269f87-d757-474c-a7a7-fe4bfe334fc5",
      "staffId": "s_demo",
      "planContent": "Test vårdplan",
      "goals": "Test mål",
      "interventions": "Test interventioner",
      "status": "received",
      "isActive": true,
      "comment": "",
      "createdAt": "2025-08-21T08:17:37.637Z",
      "updatedAt": "2025-08-21T08:17:37.637Z"
    },
    {
      "id": "cp_ff019f03-803f-4534-a780-1857a3dad6f2",
      "clientId": "c_db2aa9c3-5639-4345-91eb-fb6fcc2473b7",
      "staffId": "s_demo",
      "planContent": "Test vårdplan för UI",
      "goals": "Test mål",
      "interventions": "Test interventioner",
      "status": "received",
      "isActive": true,
      "comment": "",
      "createdAt": "2025-08-21T09:10:19.846Z",
      "updatedAt": "2025-08-21T09:10:19.846Z"
    },
    {
      "id": "cp_a54cd58e-687a-40a2-8e80-3a0dc1978998",
      "clientId": "c_27d85423-d11f-4311-b56a-c6e476b7f16c",
      "staffId": "s_demo",
      "planContent": "Test care plan",
      "goals": "",
      "interventions": "",
      "status": "received",
      "isActive": true,
      "comment": "",
      "createdAt": "2025-08-21T09:19:04.695Z",
      "updatedAt": "2025-08-21T09:19:04.695Z"
    },
    {
      "id": "cp_47adc56e-3f10-4bc6-9011-249e3880f21d",
      "clientId": "c_498e835e-302c-457b-b941-163e25e9c7d0",
      "staffId": "s_demo",
      "planContent": "",
      "goals": [
        "Mål 1",
        "Mål 2"
      ],
      "interventions": "",
      "status": "received",
      "isActive": true,
      "comment": "",
      "createdAt": "2025-08-21T12:38:33.758Z",
      "updatedAt": "2025-08-21T12:38:33.758Z"
    },
    {
      "id": "cp_ddfe309e-4ac0-486a-bfd5-4415eacdbfd7",
      "clientId": "c_59f06e2f-e864-4145-8b2a-7f3b1da6e708",
      "staffId": "s_demo",
      "planContent": "",
      "goals": [
        "Mål 1",
        "Mål 2"
      ],
      "interventions": "",
      "status": "received",
      "isActive": true,
      "comment": "",
      "createdAt": "2025-08-21T12:40:05.147Z",
      "updatedAt": "2025-08-21T12:40:05.147Z"
    },
    {
      "id": "cp_be95642a-6618-4bcc-b6de-e35e1e585e10",
      "clientId": "c_84086fd2-8d2b-4130-ad1a-659d302e5cd0",
      "staffId": "s_demo",
      "planContent": "",
      "goals": [
        "Mål 1",
        "Mål 2"
      ],
      "interventions": "",
      "status": "received",
      "isActive": true,
      "comment": "",
      "createdAt": "2025-08-21T12:40:23.835Z",
      "updatedAt": "2025-08-21T12:40:23.838Z",
      "name": "Updated Vårdplan",
      "description": "Updated beskrivning"
    },
    {
      "id": "cp_938ca09b-6f2c-4444-9eb2-bc0595d75a7a",
      "clientId": "c_acb4cf47-63c4-4095-93fb-737baee7718d",
      "staffId": "s_demo",
      "planContent": "",
      "goals": [
        "Mål 1",
        "Mål 2"
      ],
      "interventions": "",
      "status": "received",
      "isActive": true,
      "comment": "",
      "createdAt": "2025-08-21T12:41:13.800Z",
      "updatedAt": "2025-08-21T12:41:13.803Z",
      "name": "Updated Vårdplan",
      "description": "Updated beskrivning"
    }
  ],
  "implementationPlans": [
    {
      "id": "ip_d2b60155-a61e-4b71-a0bd-48c2b3530a38",
      "clientId": "c_cf520f50-c471-4546-aad1-d82426149612",
      "staffId": "s_demo",
      "planRef": "Test GFP",
      "sentDate": null,
      "completedDate": null,
      "followups": [
        false,
        false,
        false,
        false,
        false,
        false
      ],
      "comments": "Test GFP kommentar",
      "status": "pending",
      "isActive": true,
      "createdAt": "2025-08-20T12:17:30.281Z",
      "updatedAt": "2025-08-20T12:17:30.281Z"
    },
    {
      "id": "ip_ebf1dfe2-f524-412b-b50a-017d73c3fb4b",
      "clientId": "c_cf520f50-c471-4546-aad1-d82426149612",
      "staffId": "s_demo",
      "planRef": "",
      "sentDate": null,
      "completedDate": null,
      "followups": [
        false,
        false,
        false,
        false,
        false,
        false
      ],
      "comments": "",
      "status": "pending",
      "isActive": true,
      "createdAt": "2025-08-20T20:21:15.849Z",
      "updatedAt": "2025-08-20T20:21:15.849Z"
    },
    {
      "id": "ip_201ded51-9e1c-4fe8-9626-25d6ed29662d",
      "clientId": "c_cf520f50-c471-4546-aad1-d82426149612",
      "staffId": "s_demo",
      "planRef": "",
      "sentDate": null,
      "completedDate": null,
      "followups": [
        false,
        false,
        false,
        false,
        false,
        false
      ],
      "comments": "",
      "status": "pending",
      "isActive": true,
      "createdAt": "2025-08-20T20:21:41.286Z",
      "updatedAt": "2025-08-20T20:21:41.286Z"
    },
    {
      "id": "ip_d5122081-0742-4016-892f-75a3c1932174",
      "clientId": "c_e63c8394-5549-476f-8ee5-7d794bb6e440",
      "staffId": "s_demo",
      "planRef": "Test plan",
      "sentDate": "2025-08-21",
      "completedDate": "2025-08-21",
      "followups": [
        true,
        false,
        true,
        false,
        true,
        false
      ],
      "comments": "Test kommentar",
      "status": "pending",
      "isActive": true,
      "createdAt": "2025-08-21T08:03:51.156Z",
      "updatedAt": "2025-08-21T08:03:51.156Z"
    },
    {
      "id": "ip_5d3d1575-6881-4754-a0f6-8641cb0847dd",
      "clientId": "c_f16af4b6-ddd5-4776-a4e3-99ca0bf0e8b4",
      "staffId": "s_demo",
      "planRef": "Test GFP",
      "sentDate": "2025-08-21",
      "completedDate": "2025-08-21",
      "followups": [
        true,
        false,
        true,
        false,
        true,
        false
      ],
      "comments": "Test GFP kommentar",
      "status": "pending",
      "isActive": true,
      "createdAt": "2025-08-21T08:06:34.658Z",
      "updatedAt": "2025-08-21T08:06:34.658Z"
    },
    {
      "id": "ip_3356db10-b4e3-4911-b5ba-fcfbe4f59793",
      "clientId": "c_5e269f87-d757-474c-a7a7-fe4bfe334fc5",
      "staffId": "s_demo",
      "planRef": "Test GFP",
      "sentDate": "2025-08-21",
      "completedDate": "2025-08-21",
      "followups": [
        true,
        false,
        true,
        false,
        true,
        false
      ],
      "comments": "Test GFP kommentar",
      "status": "pending",
      "isActive": true,
      "createdAt": "2025-08-21T08:17:53.580Z",
      "updatedAt": "2025-08-21T08:17:53.580Z"
    },
    {
      "id": "ip_24433d14-6ba9-49f8-87ae-ee06efbde247",
      "clientId": "c_db2aa9c3-5639-4345-91eb-fb6fcc2473b7",
      "staffId": "s_demo",
      "planRef": "Test GFP",
      "sentDate": "2025-08-21",
      "completedDate": "2025-08-21",
      "followups": [
        true,
        false,
        true,
        false,
        true,
        false
      ],
      "comments": "Test GFP kommentar",
      "status": "pending",
      "isActive": true,
      "createdAt": "2025-08-21T09:10:25.524Z",
      "updatedAt": "2025-08-21T09:10:25.524Z"
    },
    {
      "id": "ip_479b46a0-34e3-47c2-bdb6-d4c467285f9f",
      "clientId": "c_27d85423-d11f-4311-b56a-c6e476b7f16c",
      "staffId": "s_demo",
      "planRef": "",
      "sentDate": null,
      "completedDate": null,
      "followups": [
        false,
        false,
        false,
        false,
        false,
        false
      ],
      "comments": "",
      "status": "pending",
      "isActive": true,
      "createdAt": "2025-08-21T09:19:04.705Z",
      "updatedAt": "2025-08-21T09:19:04.705Z"
    },
    {
      "id": "ip_b84b5c87-44c9-4952-908e-af742615a8d8",
      "clientId": "c_b630c581-f8ec-478b-a737-4b726e05e5c2",
      "staffId": "s_demo",
      "planRef": "",
      "sentDate": null,
      "completedDate": "2025-08-22",
      "followups": [
        false,
        false,
        false,
        false,
        false,
        false
      ],
      "comments": "",
      "status": "pending",
      "isActive": true,
      "createdAt": "2025-08-21T09:52:38.778Z",
      "updatedAt": "2025-08-21T09:52:38.778Z"
    },
    {
      "id": "ip_6266bf0e-cdb7-4d94-a1c0-205b445fc16b",
      "clientId": "c_84086fd2-8d2b-4130-ad1a-659d302e5cd0",
      "staffId": "s_demo",
      "planRef": "",
      "sentDate": null,
      "completedDate": null,
      "followups": [
        false,
        false,
        false,
        false,
        false,
        false
      ],
      "comments": "",
      "status": "active",
      "isActive": true,
      "createdAt": "2025-08-21T12:40:23.841Z",
      "updatedAt": "2025-08-21T12:40:23.841Z"
    },
    {
      "id": "ip_e1c94e23-5139-4203-930d-3ae2ad2f9cac",
      "clientId": "c_acb4cf47-63c4-4095-93fb-737baee7718d",
      "staffId": "s_demo",
      "planRef": "",
      "sentDate": null,
      "completedDate": null,
      "followups": [
        false,
        false,
        false,
        false,
        false,
        false
      ],
      "comments": "",
      "status": "active",
      "isActive": true,
      "createdAt": "2025-08-21T12:41:13.805Z",
      "updatedAt": "2025-08-21T12:41:13.805Z"
    }
  ],
  "weeklyDocs": [
    {
      "id": "wd_510b0613-0352-49d1-9dd2-480bc1079bc8",
      "clientId": "c_e63c8394-5549-476f-8ee5-7d794bb6e440",
      "staffId": "s_demo",
      "year": 2025,
      "week": 34,
      "documentation": "Test veckodokumentation",
      "days": {
        "mon": true,
        "tue": false,
        "wed": true,
        "thu": false,
        "fri": true,
        "sat": true,
        "sun": false
      },
      "createdAt": "2025-08-21T08:03:56.768Z",
      "updatedAt": "2025-08-21T08:03:56.768Z"
    },
    {
      "id": "wd_1c90d982-00c0-4646-a635-8902d461f373",
      "clientId": "c_f16af4b6-ddd5-4776-a4e3-99ca0bf0e8b4",
      "staffId": "s_demo",
      "year": 2025,
      "week": 34,
      "documentation": "Test veckodokumentation med lördag/söndag",
      "days": {
        "mon": true,
        "tue": false,
        "wed": true,
        "thu": false,
        "fri": true,
        "sat": true,
        "sun": false
      },
      "createdAt": "2025-08-21T08:06:41.586Z",
      "updatedAt": "2025-08-21T08:06:41.586Z"
    },
    {
      "id": "wd_9408152a-3cdb-425e-9091-51e8b9954e10",
      "clientId": "c_5e269f87-d757-474c-a7a7-fe4bfe334fc5",
      "staffId": "s_demo",
      "year": 2025,
      "week": 34,
      "documentation": "Test veckodokumentation med lördag/söndag",
      "days": {
        "mon": true,
        "tue": false,
        "wed": true,
        "thu": false,
        "fri": true,
        "sat": true,
        "sun": false
      },
      "createdAt": "2025-08-21T08:18:10.948Z",
      "updatedAt": "2025-08-21T08:18:10.948Z"
    },
    {
      "id": "wd_e870958b-9cfc-4114-b175-f828c9874cbf",
      "clientId": "c_db2aa9c3-5639-4345-91eb-fb6fcc2473b7",
      "staffId": "s_demo",
      "year": 2025,
      "week": 34,
      "documentation": "Test veckodokumentation med lördag/söndag",
      "days": {
        "mon": true,
        "tue": false,
        "wed": true,
        "thu": false,
        "fri": true,
        "sat": true,
        "sun": false
      },
      "createdAt": "2025-08-21T09:10:47.158Z",
      "updatedAt": "2025-08-21T09:10:47.158Z"
    },
    {
      "id": "wd_bf11fd4b-ed39-4b39-9331-ac36b19ef03c",
      "clientId": "c_84086fd2-8d2b-4130-ad1a-659d302e5cd0",
      "staffId": "s_demo",
      "year": 2025,
      "week": 34,
      "documentation": "",
      "days": {
        "mon": false,
        "tue": false,
        "wed": false,
        "thu": false,
        "fri": false,
        "sat": false,
        "sun": false
      },
      "createdAt": "2025-08-21T12:40:23.844Z",
      "updatedAt": "2025-08-21T12:40:23.844Z"
    },
    {
      "id": "wd_02095c31-d21d-4c48-aa07-dc0359afaef8",
      "clientId": "c_acb4cf47-63c4-4095-93fb-737baee7718d",
      "staffId": "s_demo",
      "year": 2025,
      "week": 34,
      "documentation": "",
      "days": {
        "mon": false,
        "tue": false,
        "wed": false,
        "thu": false,
        "fri": false,
        "sat": false,
        "sun": false
      },
      "createdAt": "2025-08-21T12:41:13.809Z",
      "updatedAt": "2025-08-21T12:41:13.809Z"
    }
  ],
  "monthlyReports": [
    {
      "id": "mr_d589e6ac-17d9-4684-99cd-6c59f11c326e",
      "clientId": "c_cebc7b4f-62fe-48bc-ad2e-a4a8405e9026",
      "staffId": "s_demo",
      "year": 2025,
      "month": 8,
      "reportContent": "bra",
      "approved": true,
      "createdAt": "2025-08-20T19:18:21.895Z",
      "updatedAt": "2025-08-20T19:18:21.895Z"
    },
    {
      "id": "mr_107a175e-f716-4e74-ad34-94062997d58a",
      "clientId": "c_cf520f50-c471-4546-aad1-d82426149612",
      "staffId": "s_demo",
      "year": 2025,
      "month": 8,
      "reportContent": "ok",
      "approved": true,
      "createdAt": "2025-08-20T19:19:40.482Z",
      "updatedAt": "2025-08-20T19:19:40.482Z"
    },
    {
      "id": "mr_3e0ea7b8-9240-4d84-8cf0-3d95b8b87c62",
      "clientId": "c_f16af4b6-ddd5-4776-a4e3-99ca0bf0e8b4",
      "staffId": "s_demo",
      "year": 2025,
      "month": 8,
      "reportContent": "Test månadsrapport",
      "approved": true,
      "status": "completed",
      "quality": "approved",
      "createdAt": "2025-08-21T08:06:49.397Z",
      "updatedAt": "2025-08-21T08:12:57.575Z"
    },
    {
      "id": "mr_584a16f6-c0bd-46ae-b0dd-e178e34b8387",
      "clientId": "c_db2aa9c3-5639-4345-91eb-fb6fcc2473b7",
      "staffId": "s_demo",
      "year": 2025,
      "month": 8,
      "reportContent": "Test månadsrapport",
      "approved": false,
      "status": "in_progress",
      "quality": "pending",
      "createdAt": "2025-08-21T09:10:53.647Z",
      "updatedAt": "2025-08-21T09:11:07.839Z"
    },
    {
      "id": "mr_3134fbff-b6c9-4697-b955-6a9253b9b893",
      "clientId": "c_b630c581-f8ec-478b-a737-4b726e05e5c2",
      "staffId": "s_demo",
      "year": 2025,
      "month": 8,
      "reportContent": "BRA",
      "approved": true,
      "status": "completed",
      "quality": "approved",
      "createdAt": "2025-08-21T09:53:08.414Z",
      "updatedAt": "2025-08-21T09:53:15.994Z"
    },
    {
      "id": "mr_75f1a455-76f2-4039-b390-a838d0be8275",
      "clientId": "c_84086fd2-8d2b-4130-ad1a-659d302e5cd0",
      "staffId": "s_demo",
      "year": 2025,
      "month": 8,
      "reportContent": "",
      "approved": false,
      "status": "not_started",
      "quality": "pending",
      "createdAt": "2025-08-21T12:40:23.847Z",
      "updatedAt": "2025-08-21T12:40:23.847Z"
    },
    {
      "id": "mr_f6ccee7b-8f68-46a4-9f11-3c1ff433a240",
      "clientId": "c_acb4cf47-63c4-4095-93fb-737baee7718d",
      "staffId": "s_demo",
      "year": 2025,
      "month": 8,
      "reportContent": "",
      "approved": false,
      "status": "not_started",
      "quality": "pending",
      "createdAt": "2025-08-21T12:41:13.811Z",
      "updatedAt": "2025-08-21T12:41:13.811Z"
    }
  ],
  "vimsaTime": [
    {
      "id": "vt_6f8fc373-2e66-4a62-9e6c-ae8e497a2feb",
      "clientId": "c_cf520f50-c471-4546-aad1-d82426149612",
      "staffId": "s_demo",
      "year": 2025,
      "week": 34,
      "hoursWorked": 0,
      "approved": false,
      "matchesDocumentation": false,
      "comments": "",
      "createdAt": "2025-08-20T19:20:04.774Z",
      "updatedAt": "2025-08-20T19:20:04.774Z"
    },
    {
      "id": "vt_e6c1c8a6-4f75-4946-871c-13623a44a7c2",
      "clientId": "c_f16af4b6-ddd5-4776-a4e3-99ca0bf0e8b4",
      "staffId": "s_demo",
      "year": 2025,
      "week": 34,
      "hoursWorked": 40,
      "approved": true,
      "matchesDocumentation": true,
      "comments": "Test vimsa tid",
      "createdAt": "2025-08-21T08:07:00.745Z",
      "updatedAt": "2025-08-21T08:13:33.987Z"
    },
    {
      "id": "vt_fc80a9be-f48c-4792-8e71-45d7579a53d0",
      "clientId": "c_db2aa9c3-5639-4345-91eb-fb6fcc2473b7",
      "staffId": "s_demo",
      "year": 2025,
      "week": 34,
      "hoursWorked": 35,
      "approved": false,
      "matchesDocumentation": false,
      "comments": "Test vimsa tid",
      "createdAt": "2025-08-21T09:11:02.191Z",
      "updatedAt": "2025-08-21T09:11:13.060Z"
    },
    {
      "id": "vt_82b1ee99-bddb-4414-b536-38de638d6d81",
      "clientId": "c_84086fd2-8d2b-4130-ad1a-659d302e5cd0",
      "staffId": "s_demo",
      "hoursWorked": 0,
      "approved": false,
      "matchesDocumentation": false,
      "comments": "",
      "createdAt": "2025-08-21T12:40:23.851Z",
      "updatedAt": "2025-08-21T12:40:23.851Z"
    },
    {
      "id": "vt_b07d3dfb-9eb7-431a-b6e7-53471e90dff3",
      "clientId": "c_acb4cf47-63c4-4095-93fb-737baee7718d",
      "staffId": "s_demo",
      "hoursWorked": 0,
      "approved": false,
      "matchesDocumentation": false,
      "comments": "",
      "createdAt": "2025-08-21T12:41:13.814Z",
      "updatedAt": "2025-08-21T12:41:13.814Z"
    }
  ]
}