{
  "staff": [
    {
      "id": "staff_572ec798-ade0-43f8-9998-a955dfb3c2f8",
      "name": "Demo Personal",
      "initials": "DP",
      "personnummer": "19900101-0000",
      "telefon": "070-123456",
      "epost": "demo@example.com",
      "roll": "sjuksköterska",
      "avdelning": "demo",
      "createdAt": "2025-08-21T13:24:46.372Z",
      "updatedAt": "2025-08-21T13:24:46.373Z"
    },
    {
      "id": "staff_0ceafd36-56c9-4b65-a9f4-a0fbc0bc2175",
      "name": "Anna Andersson",
      "initials": "AA",
      "personnummer": "19850615-0000",
      "telefon": "070-111111",
      "epost": "anna.andersson@example.com",
      "roll": "sjuksköterska",
      "avdelning": "demo",
      "createdAt": "2025-08-21T13:24:53.580Z",
      "updatedAt": "2025-08-21T13:24:53.580Z"
    },
    {
      "id": "staff_2668405b-7a2c-46b8-8374-8cc2197ca751",
      "name": "Erik Eriksson",
      "initials": "EE",
      "personnummer": "19920320-0000",
      "telefon": "070-222222",
      "epost": "erik.eriksson@example.com",
      "roll": "sjuksköterska",
      "avdelning": "demo",
      "createdAt": "2025-08-21T13:24:59.192Z",
      "updatedAt": "2025-08-21T13:24:59.192Z"
    },
    {
      "id": "staff_d680114f-dad2-4c86-87e3-13fc86dbd833",
      "name": "Test Staff",
      "initials": "TS",
      "roll": "sjuksköterska",
      "createdAt": "2025-08-21T13:25:29.550Z",
      "updatedAt": "2025-08-21T13:25:29.550Z"
    },
    {
      "id": "staff_6c13f21a-f433-4339-9748-a6096786999b",
      "name": "afif derbas",
      "initials": "ad",
      "createdAt": "2025-08-21T13:32:38.912Z",
      "updatedAt": "2025-08-21T13:32:38.912Z"
    },
    {
      "id": "staff_a654150d-101f-4ee4-82ac-dfb47e67e1dd",
      "name": "Test Person",
      "initials": "TP",
      "createdAt": "2025-08-23T12:46:39.062Z",
      "updatedAt": "2025-08-23T12:46:39.062Z"
    }
  ],
  "clients": [
    {
      "id": "c_cd92f6af-dd9c-4468-bf36-299cee9eeee4",
      "initials": "TEST",
      "staffId": "s_demo",
      "status": "active",
      "createdAt": "2025-08-21T12:49:06.909Z",
      "updatedAt": "2025-08-21T12:49:06.909Z"
    },
    {
      "id": "c_9dbb4b89-4c6e-4519-85c3-4d3bc528ff02",
      "initials": "TEST",
      "staffId": "s_demo",
      "status": "active",
      "createdAt": "2025-08-21T13:07:44.128Z",
      "updatedAt": "2025-08-21T13:07:44.128Z"
    },
    {
      "id": "c_f1af6a55-d35e-4266-a1f1-9b0872a989b9",
      "initials": "TEST",
      "staffId": "s_demo",
      "status": "active",
      "createdAt": "2025-08-21T13:07:44.149Z",
      "updatedAt": "2025-08-21T13:07:44.149Z"
    },
    {
      "id": "c_0014e706-1952-41e0-829c-1df79fa770c5",
      "initials": "TEST",
      "staffId": "s_demo",
      "status": "active",
      "createdAt": "2025-08-21T13:08:09.941Z",
      "updatedAt": "2025-08-21T13:08:09.941Z"
    },
    {
      "id": "c_373c5e65-862d-4d40-b9b3-d6fefc860b26",
      "initials": "TEST",
      "staffId": "s_demo",
      "status": "active",
      "createdAt": "2025-08-21T13:08:09.959Z",
      "updatedAt": "2025-08-21T13:08:09.959Z"
    },
    {
      "id": "c_b3c7da56-5e45-4eb9-b9fb-db5a129e9df6",
      "initials": "TEST",
      "staffId": "s_demo",
      "status": "active",
      "createdAt": "2025-08-21T13:09:20.672Z",
      "updatedAt": "2025-08-21T13:09:20.672Z"
    },
    {
      "id": "c_53807bca-a3fb-4e16-bbc5-8bd1127ff96d",
      "initials": "TEST",
      "staffId": "s_demo",
      "status": "active",
      "createdAt": "2025-08-21T13:09:20.689Z",
      "updatedAt": "2025-08-21T13:09:20.689Z"
    },
    {
      "id": "c_303717eb-ce89-40a5-b521-4a6fe5086f25",
      "initials": "TEST",
      "staffId": "s_demo",
      "status": "active",
      "createdAt": "2025-08-21T13:09:44.932Z",
      "updatedAt": "2025-08-21T13:09:44.932Z"
    },
    {
      "id": "c_a74474cf-8802-4c4d-b908-79c6998597a6",
      "initials": "TEST",
      "staffId": "s_demo",
      "status": "active",
      "createdAt": "2025-08-21T13:09:44.949Z",
      "updatedAt": "2025-08-21T13:09:44.949Z"
    },
    {
      "id": "c_93040792-3bdf-4120-acf9-ff31eba32d07",
      "initials": "TEST",
      "staffId": "s_demo",
      "status": "active",
      "createdAt": "2025-08-21T13:14:28.397Z",
      "updatedAt": "2025-08-21T13:14:28.397Z"
    },
    {
      "id": "c_54b4ee56-ad37-44c2-8a63-95bf9119111e",
      "initials": "TEST",
      "staffId": "s_demo",
      "status": "active",
      "createdAt": "2025-08-21T13:14:28.422Z",
      "updatedAt": "2025-08-21T13:14:28.422Z"
    },
    {
      "id": "c_1ce2ac18-9ae1-4b25-a839-13ab0f7cf3a6",
      "initials": "TEST",
      "staffId": "s_demo",
      "status": "active",
      "createdAt": "2025-08-21T13:18:17.162Z",
      "updatedAt": "2025-08-21T13:18:17.165Z",
      "name": "Updated Test Client"
    },
    {
      "id": "c_adae5836-2973-456f-9a0a-81ba8fbdad5d",
      "initials": "TEST",
      "staffId": "s_demo",
      "status": "active",
      "createdAt": "2025-08-21T13:19:18.263Z",
      "updatedAt": "2025-08-21T13:19:18.265Z",
      "name": "Updated Test Client"
    },
    {
      "id": "c_4ebc4433-9d73-4158-a4d9-912e59ecee46",
      "initials": "TEST",
      "staffId": "s_demo",
      "status": "active",
      "createdAt": "2025-08-21T13:25:23.423Z",
      "updatedAt": "2025-08-21T13:25:23.426Z",
      "name": "Updated Test Client"
    },
    {
      "id": "c_14e3ac48-f807-48db-b2af-1a4e6c32f9c2",
      "initials": "AB",
      "staffId": "staff_6c13f21a-f433-4339-9748-a6096786999b",
      "status": "active",
      "createdAt": "2025-08-21T13:32:47.561Z",
      "updatedAt": "2025-08-21T13:32:47.561Z"
    },
    {
      "id": "c_ff904ab9-e71c-4c05-b841-9a7941d9caf1",
      "initials": "AB",
      "staffId": "staff_default_1",
      "status": "active",
      "createdAt": "2025-08-22T20:17:06.899Z",
      "updatedAt": "2025-08-22T20:17:06.900Z"
    },
    {
      "id": "c_ef4bf9ef-55ac-4af6-b721-db8e90948f51",
      "initials": "ST",
      "staffId": "staff_572ec798-ade0-43f8-9998-a955dfb3c2f8",
      "status": "active",
      "createdAt": "2025-08-22T20:22:24.312Z",
      "updatedAt": "2025-08-22T20:22:24.312Z"
    },
    {
      "id": "c_5aab0e65-b48f-4cc4-87da-67c92248612f",
      "initials": "ST",
      "staffId": "staff_572ec798-ade0-43f8-9998-a955dfb3c2f8",
      "status": "active",
      "createdAt": "2025-08-22T20:27:04.032Z",
      "updatedAt": "2025-08-22T20:27:04.032Z"
    },
    {
      "id": "c_3af11d01-60df-4c70-a2c6-fa47bed5f856",
      "initials": "ST",
      "staffId": "staff_572ec798-ade0-43f8-9998-a955dfb3c2f8",
      "status": "active",
      "createdAt": "2025-08-22T20:53:02.383Z",
      "updatedAt": "2025-08-22T20:53:02.383Z"
    },
    {
      "id": "c_da8deb74-6038-4ceb-91a7-50b3b14909b0",
      "initials": "bb",
      "staffId": "staff_6c13f21a-f433-4339-9748-a6096786999b",
      "status": "active",
      "createdAt": "2025-08-22T20:55:42.215Z",
      "updatedAt": "2025-08-22T20:55:42.215Z"
    },
    {
      "id": "c_f0195f36-fe6e-4364-9f53-5c26dfc8c390",
      "initials": "TC",
      "staffId": "staff_572ec798-ade0-43f8-9998-a955dfb3c2f8",
      "status": "active",
      "createdAt": "2025-08-22T21:03:22.347Z",
      "updatedAt": "2025-08-22T21:03:22.347Z"
    },
    {
      "id": "c_2d876dc1-8a85-4534-b77e-3555447350fd",
      "initials": "ST",
      "staffId": "staff_572ec798-ade0-43f8-9998-a955dfb3c2f8",
      "status": "active",
      "createdAt": "2025-08-22T21:14:40.220Z",
      "updatedAt": "2025-08-22T21:14:40.220Z"
    },
    {
      "id": "c_a8e408c4-2866-4db2-9f99-4b8777c8cb0b",
      "initials": "ST",
      "staffId": "staff_572ec798-ade0-43f8-9998-a955dfb3c2f8",
      "status": "active",
      "createdAt": "2025-08-22T21:25:36.831Z",
      "updatedAt": "2025-08-22T21:25:36.831Z"
    },
    {
      "id": "c_b07ce009-e2ae-4c21-be36-fb52bdb224ce",
      "initials": "ZZ",
      "staffId": "s_demo",
      "status": "active",
      "createdAt": "2025-08-23T09:49:37.396Z",
      "updatedAt": "2025-08-23T09:49:37.396Z"
    },
    {
      "id": "c_56ba3365-2d5f-4482-abe8-55efe6357d79",
      "initials": "TC",
      "staffId": "s_demo",
      "status": "active",
      "createdAt": "2025-08-23T12:46:48.301Z",
      "updatedAt": "2025-08-23T12:46:48.301Z"
    },
    {
      "id": "c_b6816dfa-d0a2-4a1f-b376-0363a4269ebf",
      "initials": "tt",
      "staffId": "staff_6c13f21a-f433-4339-9748-a6096786999b",
      "status": "active",
      "createdAt": "2025-08-23T15:44:17.529Z",
      "updatedAt": "2025-08-23T15:44:17.529Z"
    }
  ],
  "carePlans": [
    {
      "id": "cp_4e9031e8-31df-4ce5-8be3-0687e862d374",
      "clientId": "c_cd92f6af-dd9c-4468-bf36-299cee9eeee4",
      "staffId": "s_demo",
      "planContent": "",
      "goals": [
        "Mål 1",
        "Mål 2"
      ],
      "interventions": "",
      "status": "received",
      "isActive": true,
      "comment": "",
      "createdAt": "2025-08-21T12:49:06.913Z",
      "updatedAt": "2025-08-21T12:49:06.916Z",
      "name": "Updated Vårdplan",
      "description": "Updated beskrivning"
    },
    {
      "id": "cp_5d8c95db-7174-4244-ab09-29fbbcf2160e",
      "clientId": "c_f1af6a55-d35e-4266-a1f1-9b0872a989b9",
      "staffId": "s_demo",
      "planContent": "",
      "goals": [
        "Mål 1",
        "Mål 2",
        "Mål 3"
      ],
      "interventions": "",
      "status": "received",
      "isActive": true,
      "comment": "",
      "createdAt": "2025-08-21T13:07:44.166Z",
      "updatedAt": "2025-08-21T13:07:44.166Z"
    },
    {
      "id": "cp_bf0343bf-4631-4381-ad5d-3a737310c27a",
      "clientId": "c_f1af6a55-d35e-4266-a1f1-9b0872a989b9",
      "staffId": "s_demo",
      "planContent": "",
      "goals": [
        "Mål 1",
        "Mål 2",
        "Mål 3"
      ],
      "interventions": "",
      "status": "received",
      "isActive": true,
      "comment": "",
      "createdAt": "2025-08-21T13:07:44.183Z",
      "updatedAt": "2025-08-21T13:07:44.193Z",
      "name": "Updated Vårdplan"
    },
    {
      "id": "cp_6888d45a-5c7d-4e07-bc74-f85c27b72e1c",
      "clientId": "c_373c5e65-862d-4d40-b9b3-d6fefc860b26",
      "staffId": "s_demo",
      "planContent": "",
      "goals": [
        "Mål 1",
        "Mål 2",
        "Mål 3"
      ],
      "interventions": "",
      "status": "received",
      "isActive": true,
      "comment": "",
      "createdAt": "2025-08-21T13:08:09.972Z",
      "updatedAt": "2025-08-21T13:08:09.972Z"
    },
    {
      "id": "cp_132e6925-03c1-41f4-80ef-5bd60f0fb8ba",
      "clientId": "c_373c5e65-862d-4d40-b9b3-d6fefc860b26",
      "staffId": "s_demo",
      "planContent": "",
      "goals": [
        "Mål 1",
        "Mål 2",
        "Mål 3"
      ],
      "interventions": "",
      "status": "received",
      "isActive": true,
      "comment": "",
      "createdAt": "2025-08-21T13:08:09.987Z",
      "updatedAt": "2025-08-21T13:08:09.996Z",
      "name": "Updated Vårdplan"
    },
    {
      "id": "cp_3b2cbaf2-3823-4708-9312-1dd29db75e08",
      "staffId": "s_demo",
      "planContent": "",
      "goals": "",
      "interventions": "",
      "status": "received",
      "isActive": true,
      "comment": "",
      "createdAt": "2025-08-21T13:08:10.155Z",
      "updatedAt": "2025-08-21T13:08:10.155Z"
    },
    {
      "id": "cp_8170c6d2-90a2-424c-bf40-00a8aeb090b5",
      "clientId": "c_53807bca-a3fb-4e16-bbc5-8bd1127ff96d",
      "staffId": "s_demo",
      "planContent": "",
      "goals": [
        "Mål 1",
        "Mål 2",
        "Mål 3"
      ],
      "interventions": "",
      "status": "received",
      "isActive": true,
      "comment": "",
      "createdAt": "2025-08-21T13:09:20.703Z",
      "updatedAt": "2025-08-21T13:09:20.703Z"
    },
    {
      "id": "cp_c5442aeb-8bdf-47c0-a9cf-d5347b1145ee",
      "clientId": "c_53807bca-a3fb-4e16-bbc5-8bd1127ff96d",
      "staffId": "s_demo",
      "planContent": "",
      "goals": [
        "Mål 1",
        "Mål 2",
        "Mål 3"
      ],
      "interventions": "",
      "status": "received",
      "isActive": true,
      "comment": "",
      "createdAt": "2025-08-21T13:09:20.719Z",
      "updatedAt": "2025-08-21T13:09:20.728Z",
      "name": "Updated Vårdplan"
    },
    {
      "id": "cp_23525338-d400-43bb-9b4a-19bbc4284851",
      "staffId": "s_demo",
      "planContent": "",
      "goals": "",
      "interventions": "",
      "status": "received",
      "isActive": true,
      "comment": "",
      "createdAt": "2025-08-21T13:09:20.898Z",
      "updatedAt": "2025-08-21T13:09:20.898Z"
    },
    {
      "id": "cp_c8460629-c234-42e6-9264-f3a6c3ff48c5",
      "staffId": "s_demo",
      "planContent": "",
      "goals": "",
      "interventions": "",
      "status": "received",
      "isActive": true,
      "comment": "",
      "createdAt": "2025-08-21T13:09:27.121Z",
      "updatedAt": "2025-08-21T13:09:27.121Z"
    },
    {
      "id": "cp_3c7c445f-a122-416b-a4b5-8550cc5684a8",
      "clientId": "c_a74474cf-8802-4c4d-b908-79c6998597a6",
      "staffId": "s_demo",
      "planContent": "",
      "goals": [
        "Mål 1",
        "Mål 2",
        "Mål 3"
      ],
      "interventions": "",
      "status": "received",
      "isActive": true,
      "comment": "",
      "createdAt": "2025-08-21T13:09:44.963Z",
      "updatedAt": "2025-08-21T13:09:44.963Z"
    },
    {
      "id": "cp_d519f5ba-0431-4298-b5d3-add48ce2411f",
      "clientId": "c_a74474cf-8802-4c4d-b908-79c6998597a6",
      "staffId": "s_demo",
      "planContent": "",
      "goals": [
        "Mål 1",
        "Mål 2",
        "Mål 3"
      ],
      "interventions": "",
      "status": "received",
      "isActive": true,
      "comment": "",
      "createdAt": "2025-08-21T13:09:44.980Z",
      "updatedAt": "2025-08-21T13:09:44.989Z",
      "name": "Updated Vårdplan"
    },
    {
      "id": "cp_5511ff23-87ef-4e5c-8ba7-208d8d68a7e9",
      "staffId": "s_demo",
      "planContent": "",
      "goals": "",
      "interventions": "",
      "status": "received",
      "isActive": true,
      "comment": "",
      "createdAt": "2025-08-21T13:09:45.157Z",
      "updatedAt": "2025-08-21T13:09:45.157Z"
    },
    {
      "id": "cp_c43aac5b-86d7-4c20-bec0-4653c3e52b42",
      "clientId": "c_54b4ee56-ad37-44c2-8a63-95bf9119111e",
      "staffId": "s_demo",
      "planContent": "",
      "goals": [
        "Mål 1",
        "Mål 2",
        "Mål 3"
      ],
      "interventions": "",
      "status": "received",
      "isActive": true,
      "comment": "",
      "createdAt": "2025-08-21T13:14:28.438Z",
      "updatedAt": "2025-08-21T13:14:28.438Z"
    },
    {
      "id": "cp_cf8cca66-75d6-49ac-838d-b2692c23c8c9",
      "clientId": "c_54b4ee56-ad37-44c2-8a63-95bf9119111e",
      "staffId": "s_demo",
      "planContent": "",
      "goals": [
        "Mål 1",
        "Mål 2",
        "Mål 3"
      ],
      "interventions": "",
      "status": "received",
      "isActive": true,
      "comment": "",
      "createdAt": "2025-08-21T13:14:28.460Z",
      "updatedAt": "2025-08-21T13:14:28.473Z",
      "name": "Updated Vårdplan"
    },
    {
      "id": "cp_0ce25431-487c-42a8-b3ba-0a0bd7dc0827",
      "staffId": "s_demo",
      "planContent": "",
      "goals": "",
      "interventions": "",
      "status": "received",
      "isActive": true,
      "comment": "",
      "createdAt": "2025-08-21T13:14:28.708Z",
      "updatedAt": "2025-08-21T13:14:28.708Z"
    },
    {
      "id": "cp_66b8e0c0-f955-44de-9a2a-10d06f199930",
      "clientId": "c_1ce2ac18-9ae1-4b25-a839-13ab0f7cf3a6",
      "staffId": "s_demo",
      "planContent": "",
      "goals": [
        "Mål 1",
        "Mål 2",
        "Mål 3"
      ],
      "interventions": "",
      "status": "received",
      "isActive": true,
      "comment": "",
      "createdAt": "2025-08-21T13:18:17.167Z",
      "updatedAt": "2025-08-21T13:18:17.169Z",
      "name": "Updated Vårdplan"
    },
    {
      "id": "cp_14196260-0b0a-4cd5-8afb-4e5251ccde6d",
      "clientId": "c_adae5836-2973-456f-9a0a-81ba8fbdad5d",
      "staffId": "s_demo",
      "planContent": "",
      "goals": [
        "Mål 1",
        "Mål 2",
        "Mål 3"
      ],
      "interventions": "",
      "status": "received",
      "isActive": true,
      "comment": "",
      "createdAt": "2025-08-21T13:19:18.267Z",
      "updatedAt": "2025-08-21T13:19:18.268Z",
      "name": "Updated Vårdplan"
    },
    {
      "id": "cp_0a6f1ef7-5772-4931-95e0-dc1da5c3264a",
      "clientId": "c_4ebc4433-9d73-4158-a4d9-912e59ecee46",
      "staffId": "s_demo",
      "planContent": "",
      "goals": [
        "Mål 1",
        "Mål 2",
        "Mål 3"
      ],
      "interventions": "",
      "status": "received",
      "isActive": true,
      "comment": "",
      "createdAt": "2025-08-21T13:25:23.429Z",
      "updatedAt": "2025-08-21T13:25:23.433Z",
      "name": "Updated Vårdplan"
    },
    {
      "id": "cp_2e8e1a28-32c2-44c4-855a-4d28d5e6483e",
      "clientId": "c_ff904ab9-e71c-4c05-b841-9a7941d9caf1",
      "staffId": "s_demo",
      "planContent": "Test vårdplan",
      "goals": "Test mål",
      "interventions": "Test interventioner",
      "status": "received",
      "isActive": true,
      "comment": "",
      "createdAt": "2025-08-22T20:17:14.524Z",
      "updatedAt": "2025-08-22T20:17:14.524Z"
    },
    {
      "id": "cp_7c095e87-26e9-4d6d-9189-34de0112d716",
      "clientId": "c_ef4bf9ef-55ac-4af6-b721-db8e90948f51",
      "staffId": "s_demo",
      "planContent": "Test vårdplan",
      "goals": "Test mål",
      "interventions": "Test interventioner",
      "status": "received",
      "isActive": true,
      "comment": "",
      "createdAt": "2025-08-22T20:22:24.316Z",
      "updatedAt": "2025-08-22T20:22:24.316Z"
    },
    {
      "id": "cp_223071a0-7947-4f35-bbce-26958b810a55",
      "clientId": "c_5aab0e65-b48f-4cc4-87da-67c92248612f",
      "staffId": "s_demo",
      "planContent": "Test vårdplan",
      "goals": "Test mål",
      "interventions": "Test interventioner",
      "status": "received",
      "isActive": true,
      "comment": "",
      "createdAt": "2025-08-22T20:27:04.035Z",
      "updatedAt": "2025-08-22T20:27:04.035Z"
    },
    {
      "id": "cp_13d8b461-395c-4c78-a168-6ccc226b657e",
      "clientId": "c_3af11d01-60df-4c70-a2c6-fa47bed5f856",
      "staffId": "s_demo",
      "planContent": "Test vårdplan",
      "goals": "Test mål",
      "interventions": "Test interventioner",
      "status": "received",
      "isActive": true,
      "comment": "",
      "createdAt": "2025-08-22T20:53:02.389Z",
      "updatedAt": "2025-08-22T20:53:02.389Z"
    },
    {
      "id": "cp_31bcadfc-7e8f-42c0-bd0f-4d53b485b9b1",
      "clientId": "c_f0195f36-fe6e-4364-9f53-5c26dfc8c390",
      "staffId": "s_demo_1755896596001",
      "planContent": "",
      "goals": "Test goals",
      "interventions": "",
      "status": "active",
      "isActive": true,
      "comment": "",
      "createdAt": "2025-08-22T21:03:28.373Z",
      "updatedAt": "2025-08-22T21:03:28.373Z"
    },
    {
      "id": "cp_897af547-48c0-4c36-af18-017442f677d7",
      "clientId": "c_2d876dc1-8a85-4534-b77e-3555447350fd",
      "staffId": "s_demo",
      "planContent": "Test vårdplan",
      "goals": "Test mål",
      "interventions": "Test interventioner",
      "status": "received",
      "isActive": true,
      "comment": "",
      "createdAt": "2025-08-22T21:14:40.225Z",
      "updatedAt": "2025-08-22T21:14:40.225Z"
    },
    {
      "id": "cp_0bb69d52-9707-4bd6-8c82-2b293fe3c082",
      "clientId": "c_14e3ac48-f807-48db-b2af-1a4e6c32f9c2",
      "staffId": "s_demo_1755897522628",
      "planContent": "Vårdplan 1",
      "goals": "Genomföra vårdflöde enligt rutin",
      "interventions": "Standard vårdflöde - GFP ska påbörjas inom 3 veckor",
      "status": "staff_notified",
      "isActive": true,
      "comment": "",
      "createdAt": "2025-08-22T21:18:55.742Z",
      "updatedAt": "2025-08-22T21:18:55.742Z"
    },
    {
      "id": "cp_4945edd4-7e6f-4977-a22f-e1f7eab6dec7",
      "clientId": "c_a8e408c4-2866-4db2-9f99-4b8777c8cb0b",
      "staffId": "s_demo",
      "planContent": "Test vårdplan",
      "goals": "Test mål",
      "interventions": "Test interventioner",
      "status": "received",
      "isActive": true,
      "comment": "",
      "createdAt": "2025-08-22T21:25:36.839Z",
      "updatedAt": "2025-08-22T21:25:36.839Z"
    },
    {
      "id": "cp_a35ee72b-b2f1-47c7-82b0-cffd6a19d073",
      "clientId": "c_b07ce009-e2ae-4c21-be36-fb52bdb224ce",
      "staffId": "s_demo_1755942577372",
      "planContent": "Test care plan",
      "goals": "",
      "interventions": "",
      "status": "received",
      "isActive": true,
      "comment": "",
      "createdAt": "2025-08-23T09:49:37.420Z",
      "updatedAt": "2025-08-23T09:49:37.420Z"
    },
    {
      "id": "cp_80c0b3a9-05ec-4ba8-892d-bf72c02454c5",
      "clientId": "c_56ba3365-2d5f-4482-abe8-55efe6357d79",
      "staffId": "s_demo",
      "planContent": "Test care plan",
      "goals": "",
      "interventions": "",
      "status": "received",
      "isActive": true,
      "comment": "",
      "createdAt": "2025-08-23T12:46:54.445Z",
      "updatedAt": "2025-08-23T12:46:54.445Z"
    },
    {
      "id": "cp_d7cc8764-7e6c-4bc9-a94e-5eb4c111f901",
      "clientId": "c_b6816dfa-d0a2-4a1f-b376-0363a4269ebf",
      "staffId": "s_demo_1755963840543",
      "planContent": "Vårdplan 2",
      "goals": "Genomföra vårdflöde enligt rutin",
      "interventions": "Standard vårdflöde - GFP ska påbörjas inom 3 veckor",
      "status": "staff_notified",
      "isActive": true,
      "comment": "",
      "createdAt": "2025-08-23T15:44:48.904Z",
      "updatedAt": "2025-08-23T15:44:48.904Z"
    }
  ],
  "implementationPlans": [
    {
      "id": "ip_d26a57b7-4115-4ad0-aa42-cbfa26dd20e7",
      "clientId": "c_cd92f6af-dd9c-4468-bf36-299cee9eeee4",
      "staffId": "s_demo",
      "planRef": "",
      "sentDate": null,
      "completedDate": null,
      "followups": [
        false,
        false,
        false,
        false,
        false,
        false
      ],
      "comments": "",
      "status": "active",
      "isActive": true,
      "createdAt": "2025-08-21T12:49:06.920Z",
      "updatedAt": "2025-08-21T12:49:06.920Z"
    },
    {
      "id": "ip_b7883f0a-f89b-41d2-bf7b-22b15d8d9efe",
      "clientId": "c_373c5e65-862d-4d40-b9b3-d6fefc860b26",
      "staffId": "s_demo",
      "planRef": "",
      "sentDate": null,
      "completedDate": null,
      "followups": [
        false,
        false,
        false,
        false,
        false,
        false
      ],
      "comments": "",
      "status": "active",
      "isActive": true,
      "createdAt": "2025-08-21T13:08:10.022Z",
      "updatedAt": "2025-08-21T13:08:10.022Z"
    },
    {
      "id": "ip_d3c6b12f-f723-42be-b81d-e7f6f294f7ed",
      "clientId": "c_373c5e65-862d-4d40-b9b3-d6fefc860b26",
      "staffId": "s_demo",
      "planRef": "",
      "sentDate": null,
      "completedDate": null,
      "followups": [
        false,
        false,
        false,
        false,
        false,
        false
      ],
      "comments": "",
      "status": "completed",
      "isActive": true,
      "createdAt": "2025-08-21T13:08:10.042Z",
      "updatedAt": "2025-08-21T13:08:10.052Z"
    },
    {
      "id": "ip_aeacb30a-e308-43b2-8f3f-69c9bd31adfb",
      "clientId": "c_53807bca-a3fb-4e16-bbc5-8bd1127ff96d",
      "staffId": "s_demo",
      "planRef": "",
      "sentDate": null,
      "completedDate": null,
      "followups": [
        false,
        false,
        false,
        false,
        false,
        false
      ],
      "comments": "",
      "status": "active",
      "isActive": true,
      "createdAt": "2025-08-21T13:09:20.755Z",
      "updatedAt": "2025-08-21T13:09:20.755Z"
    },
    {
      "id": "ip_a91dde25-bc91-409e-952f-4732a3bf826b",
      "clientId": "c_53807bca-a3fb-4e16-bbc5-8bd1127ff96d",
      "staffId": "s_demo",
      "planRef": "",
      "sentDate": null,
      "completedDate": null,
      "followups": [
        false,
        false,
        false,
        false,
        false,
        false
      ],
      "comments": "",
      "status": "completed",
      "isActive": true,
      "createdAt": "2025-08-21T13:09:20.770Z",
      "updatedAt": "2025-08-21T13:09:20.782Z"
    },
    {
      "id": "ip_a8a0fb3b-a3cb-4d87-90e1-e5bbbf1c3137",
      "clientId": "c_a74474cf-8802-4c4d-b908-79c6998597a6",
      "staffId": "s_demo",
      "planRef": "",
      "sentDate": null,
      "completedDate": null,
      "followups": [
        false,
        false,
        false,
        false,
        false,
        false
      ],
      "comments": "",
      "status": "active",
      "isActive": true,
      "createdAt": "2025-08-21T13:09:45.015Z",
      "updatedAt": "2025-08-21T13:09:45.015Z"
    },
    {
      "id": "ip_ce471035-6cf5-4bca-b754-f30665bf8bbc",
      "clientId": "c_a74474cf-8802-4c4d-b908-79c6998597a6",
      "staffId": "s_demo",
      "planRef": "",
      "sentDate": null,
      "completedDate": null,
      "followups": [
        false,
        false,
        false,
        false,
        false,
        false
      ],
      "comments": "",
      "status": "completed",
      "isActive": true,
      "createdAt": "2025-08-21T13:09:45.032Z",
      "updatedAt": "2025-08-21T13:09:45.041Z"
    },
    {
      "id": "ip_64c4038e-5d40-4701-b9e8-a301377c7958",
      "clientId": "c_54b4ee56-ad37-44c2-8a63-95bf9119111e",
      "staffId": "s_demo",
      "planRef": "",
      "sentDate": null,
      "completedDate": null,
      "followups": [
        false,
        false,
        false,
        false,
        false,
        false
      ],
      "comments": "",
      "status": "active",
      "isActive": true,
      "createdAt": "2025-08-21T13:14:28.513Z",
      "updatedAt": "2025-08-21T13:14:28.513Z"
    },
    {
      "id": "ip_d91ed065-3825-4d46-9f3f-16d041e8c09c",
      "clientId": "c_54b4ee56-ad37-44c2-8a63-95bf9119111e",
      "staffId": "s_demo",
      "planRef": "",
      "sentDate": null,
      "completedDate": null,
      "followups": [
        false,
        false,
        false,
        false,
        false,
        false
      ],
      "comments": "",
      "status": "completed",
      "isActive": true,
      "createdAt": "2025-08-21T13:14:28.536Z",
      "updatedAt": "2025-08-21T13:14:28.550Z"
    },
    {
      "id": "ip_1eb0d3ed-666c-4e67-b950-abb4b0dd8672",
      "clientId": "c_1ce2ac18-9ae1-4b25-a839-13ab0f7cf3a6",
      "staffId": "s_demo",
      "planRef": "",
      "sentDate": null,
      "completedDate": null,
      "followups": [
        false,
        false,
        false,
        false,
        false,
        false
      ],
      "comments": "",
      "status": "active",
      "isActive": true,
      "createdAt": "2025-08-21T13:18:17.171Z",
      "updatedAt": "2025-08-21T13:18:17.171Z"
    },
    {
      "id": "ip_d87b3dd5-1769-40a2-8f72-9bf2a9702db8",
      "clientId": "c_adae5836-2973-456f-9a0a-81ba8fbdad5d",
      "staffId": "s_demo",
      "planRef": "",
      "sentDate": null,
      "completedDate": null,
      "followups": [
        false,
        false,
        false,
        false,
        false,
        false
      ],
      "comments": "",
      "status": "active",
      "isActive": true,
      "createdAt": "2025-08-21T13:19:18.270Z",
      "updatedAt": "2025-08-21T13:19:18.270Z"
    },
    {
      "id": "ip_fd89ff82-5a61-4c7b-b5fa-8e8538ee2d2d",
      "clientId": "c_4ebc4433-9d73-4158-a4d9-912e59ecee46",
      "staffId": "s_demo",
      "planRef": "",
      "sentDate": null,
      "completedDate": null,
      "followups": [
        false,
        false,
        false,
        false,
        false,
        false
      ],
      "comments": "",
      "status": "active",
      "isActive": true,
      "createdAt": "2025-08-21T13:25:23.436Z",
      "updatedAt": "2025-08-21T13:25:23.436Z"
    },
    {
      "id": "ip_e649c09a-dd8b-4b23-936b-570933a5336b",
      "clientId": "c_ff904ab9-e71c-4c05-b841-9a7941d9caf1",
      "staffId": "s_demo",
      "planRef": "GFP-1",
      "sentDate": "2025-08-22",
      "completedDate": null,
      "followups": [
        false,
        false,
        false,
        false,
        false,
        false
      ],
      "comments": "",
      "status": "pending",
      "isActive": true,
      "createdAt": "2025-08-22T20:17:22.259Z",
      "updatedAt": "2025-08-22T20:17:22.259Z"
    },
    {
      "id": "ip_e3bfd81b-1217-4582-8704-8689a3c16b2a",
      "clientId": "c_ef4bf9ef-55ac-4af6-b721-db8e90948f51",
      "staffId": "s_demo",
      "planRef": "GFP-Test",
      "sentDate": "2025-08-22",
      "completedDate": null,
      "followups": [
        true,
        false,
        true,
        false,
        false,
        false
      ],
      "comments": "Updated test comments",
      "status": "pending",
      "isActive": true,
      "createdAt": "2025-08-22T20:22:24.318Z",
      "updatedAt": "2025-08-22T20:22:24.327Z"
    },
    {
      "id": "ip_068a89c7-64b3-4eb3-8b80-49aff9db9e8b",
      "clientId": "c_5aab0e65-b48f-4cc4-87da-67c92248612f",
      "staffId": "s_demo",
      "planRef": "GFP-Test",
      "sentDate": "2025-08-22",
      "completedDate": null,
      "followups": [
        true,
        false,
        true,
        false,
        false,
        false
      ],
      "comments": "Updated test comments",
      "status": "pending",
      "isActive": true,
      "createdAt": "2025-08-22T20:27:04.038Z",
      "updatedAt": "2025-08-22T20:27:04.048Z"
    },
    {
      "id": "ip_fcd8ddd2-0474-4746-96a6-d9b4692fb21c",
      "clientId": "c_3af11d01-60df-4c70-a2c6-fa47bed5f856",
      "staffId": "s_demo",
      "planRef": "GFP-Test",
      "sentDate": "2025-08-22",
      "completedDate": null,
      "followups": [
        true,
        false,
        true,
        false,
        false,
        false
      ],
      "comments": "Updated test comments",
      "status": "pending",
      "isActive": true,
      "createdAt": "2025-08-22T20:53:02.393Z",
      "updatedAt": "2025-08-22T20:53:02.409Z"
    },
    {
      "id": "ip_d425fd5d-cb95-4454-81fd-4dc978451f36",
      "clientId": "c_f0195f36-fe6e-4364-9f53-5c26dfc8c390",
      "staffId": "s_demo_1755896596001",
      "planRef": "Plan 1",
      "sentDate": "2025-08-22",
      "completedDate": "2025-08-30",
      "followups": [
        false,
        false,
        false,
        false,
        false,
        false
      ],
      "comments": "Test implementation plan",
      "status": "pending",
      "isActive": true,
      "createdAt": "2025-08-22T21:03:35.332Z",
      "updatedAt": "2025-08-22T21:03:35.332Z"
    },
    {
      "id": "ip_7638cef8-2612-46fc-bead-5e417d8fefe0",
      "clientId": "c_2d876dc1-8a85-4534-b77e-3555447350fd",
      "staffId": "s_demo",
      "planRef": "GFP-Test",
      "sentDate": "2025-08-22",
      "completedDate": null,
      "followups": [
        true,
        false,
        true,
        false,
        false,
        false
      ],
      "comments": "Updated test comments",
      "status": "pending",
      "isActive": true,
      "createdAt": "2025-08-22T21:14:40.227Z",
      "updatedAt": "2025-08-22T21:14:40.240Z"
    },
    {
      "id": "ip_448dacab-93c7-4c5a-987d-c85debc8a6af",
      "clientId": "c_14e3ac48-f807-48db-b2af-1a4e6c32f9c2",
      "staffId": "s_demo_1755897522628",
      "planRef": "",
      "sentDate": null,
      "completedDate": null,
      "followups": [
        false,
        false,
        false,
        false,
        false,
        false
      ],
      "comments": "",
      "status": "pending",
      "isActive": true,
      "createdAt": "2025-08-22T21:18:55.752Z",
      "updatedAt": "2025-08-22T21:18:55.752Z"
    },
    {
      "id": "ip_1c317d70-9f20-4a94-8a9e-ce1ab9ccf2ee",
      "clientId": "c_a8e408c4-2866-4db2-9f99-4b8777c8cb0b",
      "staffId": "s_demo",
      "planRef": "GFP-Test",
      "sentDate": "2025-08-22",
      "completedDate": null,
      "followups": [
        true,
        false,
        true,
        false,
        false,
        false
      ],
      "comments": "Updated test comments",
      "status": "pending",
      "isActive": true,
      "createdAt": "2025-08-22T21:25:36.843Z",
      "updatedAt": "2025-08-22T21:25:36.857Z"
    },
    {
      "id": "ip_23d7a532-ccd1-4267-b45a-582117ad8337",
      "clientId": "c_b07ce009-e2ae-4c21-be36-fb52bdb224ce",
      "staffId": "s_demo_1755942577372",
      "planRef": "",
      "sentDate": null,
      "completedDate": null,
      "followups": [
        false,
        false,
        false,
        false,
        false,
        false
      ],
      "comments": "",
      "status": "pending",
      "isActive": true,
      "createdAt": "2025-08-23T09:49:37.435Z",
      "updatedAt": "2025-08-23T09:49:37.435Z"
    },
    {
      "id": "ip_c3080603-5ddd-45f0-ba48-9fcf0ebc72b0",
      "clientId": "c_56ba3365-2d5f-4482-abe8-55efe6357d79",
      "staffId": "s_demo",
      "planRef": "",
      "sentDate": null,
      "completedDate": null,
      "followups": [
        false,
        false,
        false,
        false,
        false,
        false
      ],
      "comments": "",
      "status": "pending",
      "isActive": true,
      "createdAt": "2025-08-23T12:47:14.067Z",
      "updatedAt": "2025-08-23T12:47:14.067Z"
    },
    {
      "id": "ip_44aa9fea-6c77-4546-9075-ae9b7ffefecb",
      "clientId": "c_b6816dfa-d0a2-4a1f-b376-0363a4269ebf",
      "staffId": "s_demo_1755963840543",
      "planRef": "",
      "sentDate": null,
      "completedDate": null,
      "followups": [
        false,
        false,
        false,
        false,
        false,
        false
      ],
      "comments": "",
      "status": "pending",
      "isActive": true,
      "createdAt": "2025-08-23T15:44:48.918Z",
      "updatedAt": "2025-08-23T15:44:48.918Z"
    }
  ],
  "weeklyDocumentation": [
    {
      "id": "wd_247aff35-e098-4bbc-b630-433d14711729",
      "clientId": "c_cd92f6af-dd9c-4468-bf36-299cee9eeee4",
      "staffId": "s_demo",
      "year": 2025,
      "week": 34,
      "documentation": "",
      "days": {
        "mon": false,
        "tue": false,
        "wed": false,
        "thu": false,
        "fri": false,
        "sat": false,
        "sun": false
      },
      "createdAt": "2025-08-21T12:49:06.925Z",
      "updatedAt": "2025-08-21T12:49:06.925Z"
    },
    {
      "id": "wd_537dccbc-3ccc-4a97-9012-202f01f32d32",
      "clientId": "c_373c5e65-862d-4d40-b9b3-d6fefc860b26",
      "staffId": "s_demo",
      "year": 2025,
      "week": 34,
      "documentation": "",
      "days": {
        "mon": false,
        "tue": false,
        "wed": false,
        "thu": false,
        "fri": false,
        "sat": false,
        "sun": false
      },
      "createdAt": "2025-08-21T13:08:10.067Z",
      "updatedAt": "2025-08-21T13:08:10.067Z"
    },
    {
      "id": "wd_5236648b-60a2-4e1a-b009-dc56b889b7a7",
      "clientId": "c_53807bca-a3fb-4e16-bbc5-8bd1127ff96d",
      "staffId": "s_demo",
      "year": 2025,
      "week": 34,
      "documentation": "",
      "days": {
        "mon": false,
        "tue": false,
        "wed": false,
        "thu": false,
        "fri": false,
        "sat": false,
        "sun": false
      },
      "createdAt": "2025-08-21T13:09:20.798Z",
      "updatedAt": "2025-08-21T13:09:20.798Z"
    },
    {
      "id": "wd_2566bd86-4b3c-4680-b066-c49f0100707b",
      "clientId": "c_a74474cf-8802-4c4d-b908-79c6998597a6",
      "staffId": "s_demo",
      "year": 2025,
      "week": 34,
      "documentation": "",
      "days": {
        "mon": false,
        "tue": false,
        "wed": false,
        "thu": false,
        "fri": false,
        "sat": false,
        "sun": false
      },
      "createdAt": "2025-08-21T13:09:45.057Z",
      "updatedAt": "2025-08-21T13:09:45.057Z"
    },
    {
      "id": "wd_43db0db4-dd29-411f-aacc-aadd9d640f06",
      "clientId": "c_54b4ee56-ad37-44c2-8a63-95bf9119111e",
      "staffId": "s_demo",
      "year": 2025,
      "week": 34,
      "documentation": "",
      "days": {
        "mon": false,
        "tue": false,
        "wed": false,
        "thu": false,
        "fri": false,
        "sat": false,
        "sun": false
      },
      "createdAt": "2025-08-21T13:14:28.573Z",
      "updatedAt": "2025-08-21T13:14:28.573Z"
    },
    {
      "id": "wd_27202eb6-c435-4109-b490-3d2ac691a8c7",
      "clientId": "c_1ce2ac18-9ae1-4b25-a839-13ab0f7cf3a6",
      "staffId": "s_demo",
      "year": 2025,
      "week": 34,
      "documentation": "",
      "days": {
        "mon": false,
        "tue": false,
        "wed": false,
        "thu": false,
        "fri": false,
        "sat": false,
        "sun": false
      },
      "createdAt": "2025-08-21T13:18:17.173Z",
      "updatedAt": "2025-08-21T13:18:17.173Z"
    },
    {
      "id": "wd_7fef90b1-77f6-4285-8aa7-72376cc42b11",
      "clientId": "c_adae5836-2973-456f-9a0a-81ba8fbdad5d",
      "staffId": "s_demo",
      "year": 2025,
      "week": 34,
      "documentation": "",
      "days": {
        "mon": false,
        "tue": false,
        "wed": false,
        "thu": false,
        "fri": false,
        "sat": false,
        "sun": false
      },
      "createdAt": "2025-08-21T13:19:18.271Z",
      "updatedAt": "2025-08-21T13:19:18.271Z"
    },
    {
      "id": "wd_e173d731-69d9-46bf-bc52-8502bcf5a6ad",
      "clientId": "c_4ebc4433-9d73-4158-a4d9-912e59ecee46",
      "staffId": "s_demo",
      "year": 2025,
      "week": 34,
      "documentation": "",
      "days": {
        "mon": false,
        "tue": false,
        "wed": false,
        "thu": false,
        "fri": false,
        "sat": false,
        "sun": false
      },
      "createdAt": "2025-08-21T13:25:23.440Z",
      "updatedAt": "2025-08-21T13:25:23.440Z"
    },
    {
      "id": "wd_b6e43317-2735-4ecc-81e9-c8836b5bcd05",
      "clientId": "c_ff904ab9-e71c-4c05-b841-9a7941d9caf1",
      "staffId": "s_demo",
      "year": 2025,
      "week": 34,
      "documentation": "Test veckodokumentation",
      "days": {
        "mon": true,
        "tue": false,
        "wed": true,
        "thu": false,
        "fri": true,
        "sat": false,
        "sun": false
      },
      "createdAt": "2025-08-22T20:21:19.973Z",
      "updatedAt": "2025-08-22T20:21:19.973Z"
    },
    {
      "id": "wd_729aaa82-7d8f-431a-817a-f38d32a6f555",
      "clientId": "c_ef4bf9ef-55ac-4af6-b721-db8e90948f51",
      "staffId": "s_demo",
      "year": 2025,
      "week": 34,
      "documentation": "Test veckodokumentation",
      "days": {
        "mon": true,
        "tue": false,
        "wed": true,
        "thu": false,
        "fri": true,
        "sat": false,
        "sun": false
      },
      "createdAt": "2025-08-22T20:22:24.320Z",
      "updatedAt": "2025-08-22T20:22:24.320Z"
    },
    {
      "id": "wd_97e2d739-0413-4418-9c93-ec52b04853cb",
      "clientId": "c_5aab0e65-b48f-4cc4-87da-67c92248612f",
      "staffId": "s_demo",
      "year": 2025,
      "week": 34,
      "documentation": "Test veckodokumentation",
      "days": {
        "mon": true,
        "tue": false,
        "wed": true,
        "thu": false,
        "fri": true,
        "sat": false,
        "sun": false
      },
      "createdAt": "2025-08-22T20:27:04.041Z",
      "updatedAt": "2025-08-22T20:27:04.041Z"
    },
    {
      "id": "wd_e4a47b8e-a457-4cc4-bd9d-c88695c1afbf",
      "clientId": "c_3af11d01-60df-4c70-a2c6-fa47bed5f856",
      "staffId": "s_demo",
      "year": 2025,
      "week": 34,
      "documentation": "Test veckodokumentation",
      "days": {
        "mon": true,
        "tue": false,
        "wed": true,
        "thu": false,
        "fri": true,
        "sat": false,
        "sun": false
      },
      "createdAt": "2025-08-22T20:53:02.396Z",
      "updatedAt": "2025-08-22T20:53:02.396Z"
    },
    {
      "id": "wd_8fe8561e-c1c4-48ed-bd5f-7d255ada6f31",
      "clientId": "c_2d876dc1-8a85-4534-b77e-3555447350fd",
      "staffId": "s_demo",
      "year": 2025,
      "week": 34,
      "documentation": "Test veckodokumentation",
      "days": {
        "mon": true,
        "tue": false,
        "wed": true,
        "thu": false,
        "fri": true,
        "sat": false,
        "sun": false
      },
      "createdAt": "2025-08-22T21:14:40.231Z",
      "updatedAt": "2025-08-22T21:14:40.231Z"
    },
    {
      "id": "wd_58ebc6c2-0cad-48e4-ac6c-309d474f3e08",
      "clientId": "c_14e3ac48-f807-48db-b2af-1a4e6c32f9c2",
      "staffId": "s_demo_1755897522628",
      "year": 2025,
      "week": 34,
      "documentation": "",
      "days": {
        "mon": false,
        "tue": false,
        "wed": false,
        "thu": false,
        "fri": false,
        "sat": false,
        "sun": false
      },
      "createdAt": "2025-08-22T21:18:55.760Z",
      "updatedAt": "2025-08-22T21:18:55.760Z"
    },
    {
      "id": "wd_9963bb69-6f2d-4bed-a73d-452136ec9f8b",
      "clientId": "c_a8e408c4-2866-4db2-9f99-4b8777c8cb0b",
      "staffId": "s_demo",
      "year": 2025,
      "week": 34,
      "documentation": "Test veckodokumentation",
      "days": {
        "mon": true,
        "tue": false,
        "wed": true,
        "thu": false,
        "fri": true,
        "sat": false,
        "sun": false
      },
      "createdAt": "2025-08-22T21:25:36.845Z",
      "updatedAt": "2025-08-22T21:25:36.846Z"
    },
    {
      "id": "wd_6725aaa7-176b-45b3-bbe2-863f89ea6c36",
      "clientId": "c_56ba3365-2d5f-4482-abe8-55efe6357d79",
      "staffId": "s_demo",
      "documentation": "",
      "days": {
        "mon": false,
        "tue": false,
        "wed": false,
        "thu": false,
        "fri": false,
        "sat": false,
        "sun": false
      },
      "createdAt": "2025-08-23T15:36:26.548Z",
      "updatedAt": "2025-08-23T15:36:26.549Z"
    },
    {
      "id": "wd_f8ceab41-283a-498d-b7b7-11cd7f5e9d05",
      "clientId": "c_b6816dfa-d0a2-4a1f-b376-0363a4269ebf",
      "staffId": "s_demo_1755963840543",
      "year": 2025,
      "week": 34,
      "documentation": "",
      "days": {
        "mon": false,
        "tue": false,
        "wed": false,
        "thu": false,
        "fri": false,
        "sat": false,
        "sun": false
      },
      "createdAt": "2025-08-23T15:44:48.926Z",
      "updatedAt": "2025-08-23T15:44:48.926Z"
    }
  ],
  "monthlyReports": [
    {
      "id": "mr_c0beaa2a-a860-4be4-a308-f6f4ad6ca812",
      "clientId": "c_cd92f6af-dd9c-4468-bf36-299cee9eeee4",
      "staffId": "s_demo",
      "year": 2025,
      "month": 8,
      "reportContent": "",
      "approved": false,
      "status": "not_started",
      "quality": "pending",
      "createdAt": "2025-08-21T12:49:06.929Z",
      "updatedAt": "2025-08-21T12:49:06.929Z"
    },
    {
      "id": "mr_9c4abf26-c516-4e6a-b18d-7b25d7a3f5ad",
      "clientId": "c_373c5e65-862d-4d40-b9b3-d6fefc860b26",
      "staffId": "s_demo",
      "year": 2025,
      "month": 8,
      "reportContent": "",
      "approved": false,
      "status": "not_started",
      "quality": "pending",
      "createdAt": "2025-08-21T13:08:10.087Z",
      "updatedAt": "2025-08-21T13:08:10.087Z"
    },
    {
      "id": "mr_5abce3cb-8342-4676-9f0a-096f3072c8e3",
      "clientId": "c_53807bca-a3fb-4e16-bbc5-8bd1127ff96d",
      "staffId": "s_demo",
      "year": 2025,
      "month": 8,
      "reportContent": "",
      "approved": false,
      "status": "not_started",
      "quality": "pending",
      "createdAt": "2025-08-21T13:09:20.819Z",
      "updatedAt": "2025-08-21T13:09:20.819Z"
    },
    {
      "id": "mr_eaa0fc25-2684-4cf6-ac1c-70ad9ded976f",
      "clientId": "c_a74474cf-8802-4c4d-b908-79c6998597a6",
      "staffId": "s_demo",
      "year": 2025,
      "month": 8,
      "reportContent": "",
      "approved": false,
      "status": "not_started",
      "quality": "pending",
      "createdAt": "2025-08-21T13:09:45.077Z",
      "updatedAt": "2025-08-21T13:09:45.077Z"
    },
    {
      "id": "mr_983a9075-c366-4e20-bf09-9469a4b01499",
      "clientId": "c_54b4ee56-ad37-44c2-8a63-95bf9119111e",
      "staffId": "s_demo",
      "year": 2025,
      "month": 8,
      "reportContent": "",
      "approved": false,
      "status": "not_started",
      "quality": "pending",
      "createdAt": "2025-08-21T13:14:28.602Z",
      "updatedAt": "2025-08-21T13:14:28.602Z"
    },
    {
      "id": "mr_1934684e-6f36-42ad-9536-af089d9bd6a0",
      "clientId": "c_1ce2ac18-9ae1-4b25-a839-13ab0f7cf3a6",
      "staffId": "s_demo",
      "year": 2025,
      "month": 8,
      "reportContent": "",
      "approved": false,
      "status": "not_started",
      "quality": "pending",
      "createdAt": "2025-08-21T13:18:17.177Z",
      "updatedAt": "2025-08-21T13:18:17.177Z"
    },
    {
      "id": "mr_7a56e683-055a-47f0-9e77-4d42ba60f7e6",
      "clientId": "c_adae5836-2973-456f-9a0a-81ba8fbdad5d",
      "staffId": "s_demo",
      "year": 2025,
      "month": 8,
      "reportContent": "",
      "approved": false,
      "status": "not_started",
      "quality": "pending",
      "createdAt": "2025-08-21T13:19:18.274Z",
      "updatedAt": "2025-08-21T13:19:18.274Z"
    },
    {
      "id": "mr_c1d77404-2af9-40a6-b9d5-88ad49e81d46",
      "clientId": "c_4ebc4433-9d73-4158-a4d9-912e59ecee46",
      "staffId": "s_demo",
      "year": 2025,
      "month": 8,
      "reportContent": "",
      "approved": false,
      "status": "not_started",
      "quality": "pending",
      "createdAt": "2025-08-21T13:25:23.443Z",
      "updatedAt": "2025-08-21T13:25:23.443Z"
    },
    {
      "id": "mr_fc9f5bec-f28a-4b81-82a2-9a528211ab52",
      "clientId": "c_ff904ab9-e71c-4c05-b841-9a7941d9caf1",
      "staffId": "s_demo",
      "year": 2025,
      "month": 8,
      "reportContent": "Test månadsrapport",
      "approved": true,
      "status": "not_started",
      "quality": "pending",
      "createdAt": "2025-08-22T20:21:26.926Z",
      "updatedAt": "2025-08-22T20:21:26.926Z"
    },
    {
      "id": "mr_847d56b3-dadb-4a67-b60e-782ee6eb8c24",
      "clientId": "c_ef4bf9ef-55ac-4af6-b721-db8e90948f51",
      "staffId": "s_demo",
      "year": 2025,
      "month": 8,
      "reportContent": "Updated test månadsrapport",
      "approved": false,
      "status": "not_started",
      "quality": "pending",
      "createdAt": "2025-08-22T20:22:24.322Z",
      "updatedAt": "2025-08-22T20:22:24.329Z"
    },
    {
      "id": "mr_cecdd47b-9c23-44b4-9b61-4cc53e9feb98",
      "clientId": "c_5aab0e65-b48f-4cc4-87da-67c92248612f",
      "staffId": "s_demo",
      "year": 2025,
      "month": 8,
      "reportContent": "Updated test månadsrapport",
      "approved": false,
      "status": "not_started",
      "quality": "pending",
      "createdAt": "2025-08-22T20:27:04.043Z",
      "updatedAt": "2025-08-22T20:27:04.051Z"
    },
    {
      "id": "mr_3e6d431c-ab63-40a3-a597-38f05c1e72df",
      "clientId": "c_3af11d01-60df-4c70-a2c6-fa47bed5f856",
      "staffId": "s_demo",
      "year": 2025,
      "month": 8,
      "reportContent": "Updated test månadsrapport",
      "approved": false,
      "status": "not_started",
      "quality": "pending",
      "createdAt": "2025-08-22T20:53:02.400Z",
      "updatedAt": "2025-08-22T20:53:02.414Z"
    },
    {
      "id": "mr_e8ac8389-22d7-4ebe-9dbe-a331ab5567f4",
      "clientId": "c_2d876dc1-8a85-4534-b77e-3555447350fd",
      "staffId": "s_demo",
      "year": 2025,
      "month": 8,
      "reportContent": "Updated test månadsrapport",
      "approved": false,
      "status": "not_started",
      "quality": "pending",
      "createdAt": "2025-08-22T21:14:40.234Z",
      "updatedAt": "2025-08-22T21:14:40.243Z"
    },
    {
      "id": "mr_1a4fe8b0-9aae-4a2f-90e0-2da91a07814b",
      "clientId": "c_14e3ac48-f807-48db-b2af-1a4e6c32f9c2",
      "staffId": "s_demo_1755897522628",
      "year": 2025,
      "month": 8,
      "reportContent": "",
      "approved": false,
      "status": "completed",
      "quality": "pending",
      "createdAt": "2025-08-22T21:18:55.767Z",
      "updatedAt": "2025-08-22T21:19:21.165Z"
    },
    {
      "id": "mr_7946b6c8-a5f2-4432-9004-727a077ae194",
      "clientId": "c_a8e408c4-2866-4db2-9f99-4b8777c8cb0b",
      "staffId": "s_demo",
      "year": 2025,
      "month": 8,
      "reportContent": "Updated test månadsrapport",
      "approved": false,
      "status": "not_started",
      "quality": "pending",
      "createdAt": "2025-08-22T21:25:36.848Z",
      "updatedAt": "2025-08-22T21:25:36.861Z"
    },
    {
      "id": "mr_7d131b2d-b142-4841-abad-fbc4dd121903",
      "clientId": "c_56ba3365-2d5f-4482-abe8-55efe6357d79",
      "staffId": "s_demo",
      "reportContent": "Test monthly report",
      "approved": false,
      "status": "not_started",
      "quality": "pending",
      "createdAt": "2025-08-23T15:37:32.628Z",
      "updatedAt": "2025-08-23T15:37:32.629Z"
    },
    {
      "id": "mr_72ad1224-c20c-494e-ac46-79db1c9af3e0",
      "clientId": "c_b6816dfa-d0a2-4a1f-b376-0363a4269ebf",
      "staffId": "s_demo_1755963840543",
      "year": 2025,
      "month": 8,
      "reportContent": "",
      "approved": false,
      "status": "completed",
      "quality": "approved",
      "createdAt": "2025-08-23T15:44:48.935Z",
      "updatedAt": "2025-08-23T15:45:11.733Z"
    }
  ],
  "vimsaTime": [
    {
      "id": "vt_3b3ab01c-0043-4077-b024-cbcc843d66a7",
      "clientId": "c_cd92f6af-dd9c-4468-bf36-299cee9eeee4",
      "staffId": "s_demo",
      "hoursWorked": 0,
      "approved": false,
      "matchesDocumentation": false,
      "comments": "",
      "createdAt": "2025-08-21T12:49:06.931Z",
      "updatedAt": "2025-08-21T12:49:06.931Z"
    },
    {
      "id": "vt_9459ac36-9974-4fb8-99eb-8727db100059",
      "clientId": "c_ff904ab9-e71c-4c05-b841-9a7941d9caf1",
      "staffId": "s_demo",
      "year": 2025,
      "week": 34,
      "hoursWorked": 8.5,
      "approved": true,
      "matchesDocumentation": true,
      "comments": "Test Vimsa tid",
      "createdAt": "2025-08-22T20:21:33.517Z",
      "updatedAt": "2025-08-22T20:21:33.517Z"
    },
    {
      "id": "vt_a3f2dd11-4263-4e03-b8cf-f9d27ee33bfe",
      "clientId": "c_ef4bf9ef-55ac-4af6-b721-db8e90948f51",
      "staffId": "s_demo",
      "year": 2025,
      "week": 34,
      "hoursWorked": 9,
      "approved": false,
      "matchesDocumentation": true,
      "comments": "Test Vimsa tid",
      "createdAt": "2025-08-22T20:22:24.324Z",
      "updatedAt": "2025-08-22T20:22:24.331Z"
    },
    {
      "id": "vt_43c80dff-34c9-4678-a934-bddaa9302050",
      "clientId": "c_5aab0e65-b48f-4cc4-87da-67c92248612f",
      "staffId": "s_demo",
      "year": 2025,
      "week": 34,
      "hoursWorked": 9,
      "approved": false,
      "matchesDocumentation": true,
      "comments": "Test Vimsa tid",
      "createdAt": "2025-08-22T20:27:04.045Z",
      "updatedAt": "2025-08-22T20:27:04.053Z"
    },
    {
      "id": "vt_3b3c58c8-6828-4c67-b2e6-470bb864bcad",
      "clientId": "c_3af11d01-60df-4c70-a2c6-fa47bed5f856",
      "staffId": "s_demo",
      "year": 2025,
      "week": 34,
      "hoursWorked": 9,
      "approved": false,
      "matchesDocumentation": true,
      "comments": "Test Vimsa tid",
      "createdAt": "2025-08-22T20:53:02.405Z",
      "updatedAt": "2025-08-22T20:53:02.416Z"
    },
    {
      "id": "vt_3fcc59b7-01c1-483b-a696-3e384dbd4071",
      "clientId": "c_2d876dc1-8a85-4534-b77e-3555447350fd",
      "staffId": "s_demo",
      "year": 2025,
      "week": 34,
      "hoursWorked": 9,
      "approved": false,
      "matchesDocumentation": true,
      "comments": "Test Vimsa tid",
      "createdAt": "2025-08-22T21:14:40.237Z",
      "updatedAt": "2025-08-22T21:14:40.245Z"
    },
    {
      "id": "vt_dfaca4ca-0cf1-4806-b90c-9eb6a716e470",
      "clientId": "c_14e3ac48-f807-48db-b2af-1a4e6c32f9c2",
      "staffId": "s_demo_1755897522628",
      "year": 2025,
      "week": 34,
      "hoursWorked": 0,
      "approved": false,
      "matchesDocumentation": false,
      "comments": "Vimsa tid för vårdplan 1",
      "createdAt": "2025-08-22T21:18:55.774Z",
      "updatedAt": "2025-08-22T21:18:55.774Z"
    },
    {
      "id": "vt_c06b009e-821e-498d-b30c-bf9387673b39",
      "clientId": "c_a8e408c4-2866-4db2-9f99-4b8777c8cb0b",
      "staffId": "s_demo",
      "year": 2025,
      "week": 34,
      "hoursWorked": 9,
      "approved": false,
      "matchesDocumentation": true,
      "comments": "Test Vimsa tid",
      "createdAt": "2025-08-22T21:25:36.852Z",
      "updatedAt": "2025-08-22T21:25:36.863Z"
    },
    {
      "id": "vt_73c879f5-8b40-49e7-a8a7-2a1f463ba732",
      "clientId": "c_56ba3365-2d5f-4482-abe8-55efe6357d79",
      "staffId": "s_demo",
      "hoursWorked": 8,
      "approved": false,
      "matchesDocumentation": false,
      "comments": "",
      "createdAt": "2025-08-23T15:37:44.348Z",
      "updatedAt": "2025-08-23T15:37:44.348Z"
    },
    {
      "id": "vt_c0259d87-63a8-4a44-b25d-75ae7a60d427",
      "clientId": "c_b6816dfa-d0a2-4a1f-b376-0363a4269ebf",
      "staffId": "s_demo_1755963840543",
      "year": 2025,
      "week": 34,
      "hoursWorked": 0,
      "approved": false,
      "matchesDocumentation": false,
      "comments": "Vimsa tid för vårdplan 2",
      "createdAt": "2025-08-23T15:44:48.944Z",
      "updatedAt": "2025-08-23T15:44:48.944Z"
    }
  ]
}